date,time,user_id,change_made,type_of_change,current,previous
2024-03-15,06:30:00,jsmith42,Chute F18 destination updated,Divert Destination,CX-7832,CX-4521
2024-03-15,06:32:00,HULK_SYSTEM,Auto-balance chute F12,Load Balance,Active,Paused
2024-03-15,06:45:00,jsmith42,Chute F22 destination updated,Divert Destination,CX-4521,CX-9011
2024-03-15,07:00:00,FLOCO_AUTO,Speed adjustment conveyor belt 3,Belt Speed,High,Medium
2024-03-15,07:15:00,mwilson7,Chute F09 reopened after jam clear,Chute Status,Open,Closed
2024-03-15,07:28:00,jsmith42,Chute F18 closed for maintenance,Chute Status,Closed,Open
2024-03-15,07:45:00,jsmith42,Chute F18 reopened,Chute Status,Open,Closed
2024-03-15,08:00:00,HULK_SYSTEM,Auto-reassign overflow to F31,Divert Destination,CX-5566,CX-4521
2024-03-15,08:15:00,dpark23,Induct 1 speed reduced,Belt Speed,Low,Medium
2024-03-15,08:30:00,FLOCO_AUTO,Chute F12 load threshold updated,Load Threshold,85%,90%
2024-03-15,09:00:00,mwilson7,Chute F05 destination changed,Divert Destination,CX-9011,CX-2211
2024-03-15,09:15:00,jsmith42,Chute F22 reconfigured,Divert Destination,CX-3344,CX-4521
2024-03-15,09:30:00,HULK_SYSTEM,Auto-balance chute F18,Load Balance,Active,Idle
2024-03-15,10:00:00,dpark23,Emergency stop cleared - Zone B,Zone Status,Running,E-Stop
2024-03-15,10:15:00,FLOCO_AUTO,Speed adjustment conveyor belt 1,Belt Speed,Medium,High
2024-03-16,06:25:00,mwilson7,Chute F18 destination updated,Divert Destination,CX-7832,CX-3344
2024-03-16,06:30:00,HULK_SYSTEM,Auto-balance chute F12,Load Balance,Active,Paused
2024-03-16,06:48:00,jsmith42,Chute F12 closed for jam clear,Chute Status,Closed,Open
2024-03-16,06:55:00,jsmith42,Chute F12 reopened,Chute Status,Open,Closed
2024-03-16,07:10:00,dpark23,Chute F22 destination changed,Divert Destination,CX-4521,CX-7832
2024-03-16,07:22:00,FLOCO_AUTO,Speed adjustment conveyor belt 2,Belt Speed,High,Medium
2024-03-16,07:45:00,mwilson7,Chute F05 closed - excessive jams,Chute Status,Closed,Open
2024-03-16,08:00:00,HULK_SYSTEM,Auto-reassign F05 traffic to F09,Divert Destination,CX-3344,CX-9011
2024-03-16,08:15:00,mwilson7,Chute F05 reopened,Chute Status,Open,Closed
2024-03-16,08:30:00,jsmith42,Induct 2 speed increased,Belt Speed,High,Medium
2024-03-16,09:00:00,FLOCO_AUTO,Chute F18 load threshold updated,Load Threshold,80%,85%
2024-03-16,09:15:00,dpark23,Chute F31 destination changed,Divert Destination,CX-5566,CX-8877
2024-03-16,09:30:00,HULK_SYSTEM,Auto-balance chute F22,Load Balance,Active,Idle
2024-03-16,09:45:00,jsmith42,Zone A belt speed normalized,Belt Speed,Medium,Low
2024-03-17,06:15:00,mwilson7,Chute F18 destination updated,Divert Destination,CX-7832,CX-4521
2024-03-17,06:30:00,HULK_SYSTEM,Auto-balance chute F12,Load Balance,Active,Paused
2024-03-17,06:45:00,jsmith42,Chute F22 destination updated,Divert Destination,CX-4521,CX-5566
2024-03-17,07:00:00,FLOCO_AUTO,Speed adjustment conveyor belt 3,Belt Speed,High,Medium
2024-03-17,07:15:00,dpark23,Chute F09 destination changed,Divert Destination,CX-3344,CX-2211
2024-03-17,07:32:00,jsmith42,Chute F18 closed - chute full,Chute Status,Closed,Open
